Feature,Importance
App_Launch_Time,0.8692742606887763
Network_Latency,0.0230684472159948
Active_Threads,0.017345515558631907
CPU_Usage,0.016176266282168655
RAM_Usage,0.015344091275682219
FPS,0.014059317098365602
Storage_Usage,0.012088749669132056
Battery_Temperature,0.01094895505694656
Device_Temperature,0.010877215429208642
Battery_Level,0.010817181725093064
